Original Time Series,Cycle State,next_I_R04_Gripper_Load,next_I_R01_Gripper_Load,next_label,predicted_I_R04_Gripper_Load,predicted_I_R01_Gripper_Load,predicted_label,Instruction1,Output1_from_LLM,Instruction2,Output2_1_from_LLM,Output2_2_from_LLM
[[-361.  394.  100.]],8,678,359,Normal,46.014015,384.12314,Normal,What are the anomalies that happen in next time step?,Normal,What are the next sensor values associated with next time step?,46.014015,384.12314
[[420. 277. 100.]],9,-1148,384,Normal,377.0656,402.4276,Normal,What are the anomalies that happen in next time step?,Normal,What are the next sensor values associated with next time step?,377.0656,402.4276
[[614. 366. 700.]],9,474,370,"NoNose,NoBody2,NoBody1",479.079,389.2563,"NoNose,NoBody2,NoBody1",What are the anomalies that happen in next time step?,"NoNose,NoBody2,NoBody1",What are the next sensor values associated with next time step?,479.079,389.2563
[[516. 378. 100.]],15,683,377,Normal,426.19614,405.14413,Normal,What are the anomalies that happen in next time step?,Normal,What are the next sensor values associated with next time step?,426.19614,405.14413
[[-66. 376. 700.]],8,-998,408,"NoNose,NoBody2,NoBody1",25.58143,362.80225,"NoNose,NoBody2,NoBody1",What are the anomalies that happen in next time step?,"NoNose,NoBody2,NoBody1",What are the next sensor values associated with next time step?,25.58143,362.80225
[[-485.  401.  100.]],3,1065,413,Normal,46.014015,384.12314,Normal,What are the anomalies that happen in next time step?,Normal,What are the next sensor values associated with next time step?,46.014015,384.12314
[[673. 407. 700.]],9,680,397,"NoNose,NoBody2,NoBody1",547.3601,393.68546,"NoNose,NoBody2,NoBody1",What are the anomalies that happen in next time step?,"NoNose,NoBody2,NoBody1",What are the next sensor values associated with next time step?,547.3601,393.68546
[[-285.  327.  100.]],1,-751,361,Normal,46.014015,384.12314,Normal,What are the anomalies that happen in next time step?,Normal,What are the next sensor values associated with next time step?,46.014015,384.12314
[[176. 309. 100.]],9,1203,235,Normal,46.014015,384.12314,Normal,What are the anomalies that happen in next time step?,Normal,What are the next sensor values associated with next time step?,46.014015,384.12314
[[-232.  405.  100.]],16,-382,395,Normal,46.014015,384.12314,Normal,What are the anomalies that happen in next time step?,Normal,What are the next sensor values associated with next time step?,46.014015,384.12314
[[717. 444. 500.]],9,601,399,"NoNose,NoBody2",665.99286,407.83838,"NoNose,NoBody2",What are the anomalies that happen in next time step?,"NoNose,NoBody2",What are the next sensor values associated with next time step?,665.99286,407.83838
[[-1175.   372.   100.]],4,-262,354,Normal,42.883427,214.7915,Normal,What are the anomalies that happen in next time step?,Normal,What are the next sensor values associated with next time step?,42.883427,214.7915
[[568. 342. 500.]],16,604,498,"NoNose,NoBody2",512.617,397.98853,"NoNose,NoBody2",What are the anomalies that happen in next time step?,"NoNose,NoBody2",What are the next sensor values associated with next time step?,512.617,397.98853
[[-1057.   361.   100.]],9,325,284,Normal,46.014015,384.12314,Normal,What are the anomalies that happen in next time step?,Normal,What are the next sensor values associated with next time step?,46.014015,384.12314
[[-743.  361.  100.]],8,-374,393,Normal,46.014015,384.12314,Normal,What are the anomalies that happen in next time step?,Normal,What are the next sensor values associated with next time step?,46.014015,384.12314
[[660. 403. 700.]],10,679,418,"NoNose,NoBody2,NoBody1",537.5873,393.0392,"NoNose,NoBody2,NoBody1",What are the anomalies that happen in next time step?,"NoNose,NoBody2,NoBody1",What are the next sensor values associated with next time step?,537.5873,393.0392
[[619. 420. 700.]],8,532,419,"NoNose,NoBody2,NoBody1",496.86383,390.30618,"NoNose,NoBody2,NoBody1",What are the anomalies that happen in next time step?,"NoNose,NoBody2,NoBody1",What are the next sensor values associated with next time step?,496.86383,390.30618
[[663. 463. 500.]],17,648,409,"NoNose,NoBody2",662.5726,407.41168,"NoNose,NoBody2",What are the anomalies that happen in next time step?,"NoNose,NoBody2",What are the next sensor values associated with next time step?,662.5726,407.41168
[[610. 448. 500.]],11,655,393,"NoNose,NoBody2",607.058,404.01215,"NoNose,NoBody2",What are the anomalies that happen in next time step?,"NoNose,NoBody2",What are the next sensor values associated with next time step?,607.058,404.01215
[[229. 371. 100.]],14,497,374,Normal,46.014015,384.12314,Normal,What are the anomalies that happen in next time step?,Normal,What are the next sensor values associated with next time step?,46.014015,384.12314
[[494. 348. 100.]],8,-366,355,Normal,419.6734,404.78348,Normal,What are the anomalies that happen in next time step?,Normal,What are the next sensor values associated with next time step?,419.6734,404.78348
[[606. 412. 600.]],6,716,284,"NoBody2,NoBody1",564.8221,397.77786,"NoBody2,NoBody1",What are the anomalies that happen in next time step?,"NoBody2,NoBody1",What are the next sensor values associated with next time step?,564.8221,397.77786
[[533. 353. 700.]],9,716,376,"NoNose,NoBody2,NoBody1",256.57678,287.32227,NoNose,What are the anomalies that happen in next time step?,NoNose,What are the next sensor values associated with next time step?,256.57678,287.32227
[[-1027.   350.   100.]],5,700,361,Normal,46.014015,384.12314,Normal,What are the anomalies that happen in next time step?,Normal,What are the next sensor values associated with next time step?,46.014015,384.12314
[[562. 413. 300.]],5,-452,420,NoBody1,560.7634,409.0734,NoBody1,What are the anomalies that happen in next time step?,NoBody1,What are the next sensor values associated with next time step?,560.7634,409.0734
[[-145.  335.  100.]],3,-634,373,Normal,46.014015,384.12314,Normal,What are the anomalies that happen in next time step?,Normal,What are the next sensor values associated with next time step?,46.014015,384.12314
[[-75. 390. 100.]],8,415,286,Normal,46.014015,384.12314,Normal,What are the anomalies that happen in next time step?,Normal,What are the next sensor values associated with next time step?,46.014015,384.12314
[[-1235.   397.   100.]],8,368,381,Normal,46.014015,384.12314,Normal,What are the anomalies that happen in next time step?,Normal,What are the next sensor values associated with next time step?,46.014015,384.12314
[[1071.  389.  700.]],17,817,446,"NoNose,NoBody2,NoBody1",102.20087,367.30118,"NoNose,NoBody2,NoBody1",What are the anomalies that happen in next time step?,"NoNose,NoBody2,NoBody1",What are the next sensor values associated with next time step?,102.20087,367.30118
[[-807.  425.  700.]],8,-977,334,"NoNose,NoBody2,NoBody1",26.831795,364.10696,"NoNose,NoBody2,NoBody1",What are the anomalies that happen in next time step?,"NoNose,NoBody2,NoBody1",What are the next sensor values associated with next time step?,26.831795,364.10696
[[ 43. 390. 100.]],9,323,344,Normal,46.014015,384.12314,Normal,What are the anomalies that happen in next time step?,Normal,What are the next sensor values associated with next time step?,46.014015,384.12314
[[664. 393. 100.]],11,-1047,368,Normal,344.7229,400.6393,Normal,What are the anomalies that happen in next time step?,Normal,What are the next sensor values associated with next time step?,344.7229,400.6393
[[-672.  320.  100.]],8,-644,358,Normal,46.014015,384.12314,Normal,What are the anomalies that happen in next time step?,Normal,What are the next sensor values associated with next time step?,46.014015,384.12314
[[978. 368. 100.]],9,-715,346,Normal,46.014015,384.12314,Normal,What are the anomalies that happen in next time step?,Normal,What are the next sensor values associated with next time step?,46.014015,384.12314
[[654. 448. 500.]],9,686,418,"NoNose,NoBody2",655.20166,406.85742,"NoNose,NoBody2",What are the anomalies that happen in next time step?,"NoNose,NoBody2",What are the next sensor values associated with next time step?,655.20166,406.85742
[[620. 227. 500.]],18,601,464,"NoNose,NoBody2",130.49496,374.97763,"NoNose,NoBody2",What are the anomalies that happen in next time step?,"NoNose,NoBody2",What are the next sensor values associated with next time step?,130.49496,374.97763
[[653. 403. 500.]],8,585,405,"NoNose,NoBody2",615.10266,404.29712,"NoNose,NoBody2",What are the anomalies that happen in next time step?,"NoNose,NoBody2",What are the next sensor values associated with next time step?,615.10266,404.29712
[[-119.  354.  100.]],9,547,332,Normal,46.014015,384.12314,Normal,What are the anomalies that happen in next time step?,Normal,What are the next sensor values associated with next time step?,46.014015,384.12314
[[1026.  416.  100.]],9,488,376,Normal,42.883427,214.7915,Normal,What are the anomalies that happen in next time step?,Normal,What are the next sensor values associated with next time step?,42.883427,214.7915
[[-999.  401.  700.]],8,1093,436,"NoNose,NoBody2,NoBody1",26.45525,363.71405,"NoNose,NoBody2,NoBody1",What are the anomalies that happen in next time step?,"NoNose,NoBody2,NoBody1",What are the next sensor values associated with next time step?,26.45525,363.71405
[[592. 451. 200.]],9,404,364,NoNose,606.8281,415.13162,NoNose,What are the anomalies that happen in next time step?,NoNose,What are the next sensor values associated with next time step?,606.8281,415.13162
[[-898.  415.  100.]],1,-762,312,Normal,46.014015,384.12314,Normal,What are the anomalies that happen in next time step?,Normal,What are the next sensor values associated with next time step?,46.014015,384.12314
[[554. 338. 200.]],8,656,238,NoNose,511.96506,408.97736,NoNose,What are the anomalies that happen in next time step?,NoNose,What are the next sensor values associated with next time step?,511.96506,408.97736
[[-939.  444.  100.]],13,-1186,331,Normal,46.014015,384.12314,Normal,What are the anomalies that happen in next time step?,Normal,What are the next sensor values associated with next time step?,46.014015,384.12314
[[644. 413. 500.]],9,661,402,"NoNose,NoBody2",643.13226,405.8646,"NoNose,NoBody2",What are the anomalies that happen in next time step?,"NoNose,NoBody2",What are the next sensor values associated with next time step?,643.13226,405.8646
[[-110.  397.  100.]],4,-571,396,Normal,42.883427,214.7915,Normal,What are the anomalies that happen in next time step?,Normal,What are the next sensor values associated with next time step?,42.883427,214.7915
[[-699.  420.  700.]],16,-833,391,"NoNose,NoBody2,NoBody1",26.900188,364.17834,"NoNose,NoBody2,NoBody1",What are the anomalies that happen in next time step?,"NoNose,NoBody2,NoBody1",What are the next sensor values associated with next time step?,26.900188,364.17834
[[1137.  381.  100.]],9,-863,315,Normal,46.014015,384.12314,Normal,What are the anomalies that happen in next time step?,Normal,What are the next sensor values associated with next time step?,46.014015,384.12314
[[549. 406. 700.]],9,701,376,"NoNose,NoBody2,NoBody1",262.3775,289.2911,NoNose,What are the anomalies that happen in next time step?,NoNose,What are the next sensor values associated with next time step?,262.3775,289.2911
[[-411.  384.  100.]],18,-898,385,Normal,46.014015,384.12314,Normal,What are the anomalies that happen in next time step?,Normal,What are the next sensor values associated with next time step?,46.014015,384.12314
[[-973.  416.  700.]],8,-601,386,"NoNose,NoBody2,NoBody1",26.466013,363.72528,"NoNose,NoBody2,NoBody1",What are the anomalies that happen in next time step?,"NoNose,NoBody2,NoBody1",What are the next sensor values associated with next time step?,26.466013,363.72528
[[619. 447. 500.]],9,712,447,"NoNose,NoBody2",617.0781,404.6072,"NoNose,NoBody2",What are the anomalies that happen in next time step?,"NoNose,NoBody2",What are the next sensor values associated with next time step?,617.0781,404.6072
[[636. 477. 200.]],10,624,321,NoNose,635.33795,416.70798,NoNose,What are the anomalies that happen in next time step?,NoNose,What are the next sensor values associated with next time step?,635.33795,416.70798
[[700. 383. 700.]],9,660,372,"NoNose,NoBody2,NoBody1",518.3656,391.93887,"NoNose,NoBody2,NoBody1",What are the anomalies that happen in next time step?,"NoNose,NoBody2,NoBody1",What are the next sensor values associated with next time step?,518.3656,391.93887
[[691. 315. 100.]],10,-391,328,Normal,87.61775,386.4235,Normal,What are the anomalies that happen in next time step?,Normal,What are the next sensor values associated with next time step?,87.61775,386.4235
[[642. 473. 200.]],12,620,479,NoNose,644.52094,417.21573,NoNose,What are the anomalies that happen in next time step?,NoNose,What are the next sensor values associated with next time step?,644.52094,417.21573
[[1158.  371.  100.]],9,324,309,Normal,46.014015,384.12314,Normal,What are the anomalies that happen in next time step?,Normal,What are the next sensor values associated with next time step?,46.014015,384.12314
[[368. 313. 100.]],7,-912,344,Normal,332.61334,399.96976,Normal,What are the anomalies that happen in next time step?,Normal,What are the next sensor values associated with next time step?,332.61334,399.96976
[[-314.  379.  100.]],15,-593,301,Normal,46.014015,384.12314,Normal,What are the anomalies that happen in next time step?,Normal,What are the next sensor values associated with next time step?,46.014015,384.12314
[[-758.  368.  100.]],9,631,294,Normal,42.883427,214.7915,Normal,What are the anomalies that happen in next time step?,Normal,What are the next sensor values associated with next time step?,42.883427,214.7915
[[219. 320. 100.]],8,1196,385,Normal,81.44661,386.08228,Normal,What are the anomalies that happen in next time step?,Normal,What are the next sensor values associated with next time step?,81.44661,386.08228
[[-992.  329.  100.]],9,-205,360,Normal,46.014015,384.12314,Normal,What are the anomalies that happen in next time step?,Normal,What are the next sensor values associated with next time step?,46.014015,384.12314
[[639. 383. 100.]],8,-610,388,Normal,356.218,401.2749,Normal,What are the anomalies that happen in next time step?,Normal,What are the next sensor values associated with next time step?,356.218,401.2749
[[-133.  406.  100.]],14,1346,380,Normal,46.014015,384.12314,Normal,What are the anomalies that happen in next time step?,Normal,What are the next sensor values associated with next time step?,46.014015,384.12314
[[673. 399. 700.]],9,846,415,"NoNose,NoBody2,NoBody1",538.984,393.15857,"NoNose,NoBody2,NoBody1",What are the anomalies that happen in next time step?,"NoNose,NoBody2,NoBody1",What are the next sensor values associated with next time step?,538.984,393.15857
[[529. 467. 200.]],8,558,457,NoNose,482.4468,408.25433,NoNose,What are the anomalies that happen in next time step?,NoNose,What are the next sensor values associated with next time step?,482.4468,408.25433
[[516. 340. 100.]],9,670,388,Normal,196.54385,266.94617,NoNose,What are the anomalies that happen in next time step?,NoNose,What are the next sensor values associated with next time step?,196.54385,266.94617
[[755. 419. 500.]],9,612,374,"NoNose,NoBody2",586.6564,402.9688,"NoNose,NoBody2",What are the anomalies that happen in next time step?,"NoNose,NoBody2",What are the next sensor values associated with next time step?,586.6564,402.9688
[[-1018.   264.   100.]],8,-584,291,Normal,46.014015,384.12314,Normal,What are the anomalies that happen in next time step?,Normal,What are the next sensor values associated with next time step?,46.014015,384.12314
[[650. 442. 500.]],10,657,461,"NoNose,NoBody2",651.81555,406.61014,"NoNose,NoBody2",What are the anomalies that happen in next time step?,"NoNose,NoBody2",What are the next sensor values associated with next time step?,651.81555,406.61014
[[964. 395. 100.]],9,-222,325,Normal,46.014015,384.12314,Normal,What are the anomalies that happen in next time step?,Normal,What are the next sensor values associated with next time step?,46.014015,384.12314
[[207. 327. 100.]],9,-381,335,Normal,70.41195,224.1351,Normal,What are the anomalies that happen in next time step?,Normal,What are the next sensor values associated with next time step?,70.41195,224.1351
[[-211.  363.  700.]],19,167,310,"NoNose,NoBody2,NoBody1",25.78007,363.00952,"NoNose,NoBody2,NoBody1",What are the anomalies that happen in next time step?,"NoNose,NoBody2,NoBody1",What are the next sensor values associated with next time step?,25.78007,363.00952
[[-994.  422.  100.]],16,585,404,Normal,46.014015,384.12314,Normal,What are the anomalies that happen in next time step?,Normal,What are the next sensor values associated with next time step?,46.014015,384.12314
[[-197.  352.  100.]],4,-1123,357,Normal,42.883427,214.7915,Normal,What are the anomalies that happen in next time step?,Normal,What are the next sensor values associated with next time step?,42.883427,214.7915
[[-889.  360.  100.]],17,-722,353,Normal,46.014015,384.12314,Normal,What are the anomalies that happen in next time step?,Normal,What are the next sensor values associated with next time step?,46.014015,384.12314
[[-694.  375.  100.]],10,-773,376,Normal,46.014015,384.12314,Normal,What are the anomalies that happen in next time step?,Normal,What are the next sensor values associated with next time step?,46.014015,384.12314
[[-883.  387.  700.]],20,682,420,"NoNose,NoBody2,NoBody1",26.673557,363.94186,"NoNose,NoBody2,NoBody1",What are the anomalies that happen in next time step?,"NoNose,NoBody2,NoBody1",What are the next sensor values associated with next time step?,26.673557,363.94186
[[486. 415. 100.]],16,148,407,Normal,379.81628,402.5797,Normal,What are the anomalies that happen in next time step?,Normal,What are the next sensor values associated with next time step?,379.81628,402.5797
[[757. 398. 500.]],21,990,404,Normal,529.1185,399.2735,"NoNose,NoBody2",What are the anomalies that happen in next time step?,"NoNose,NoBody2",What are the next sensor values associated with next time step?,529.1185,399.2735
[[581. 401. 500.]],8,606,420,"NoNose,NoBody2",583.1021,402.24728,"NoNose,NoBody2",What are the anomalies that happen in next time step?,"NoNose,NoBody2",What are the next sensor values associated with next time step?,583.1021,402.24728
[[617. 494. 500.]],20,615,455,"NoNose,NoBody2",607.0909,404.3328,"NoNose,NoBody2",What are the anomalies that happen in next time step?,"NoNose,NoBody2",What are the next sensor values associated with next time step?,607.0909,404.3328
[[790. 367. 100.]],8,1211,363,Normal,82.73503,386.1535,Normal,What are the anomalies that happen in next time step?,Normal,What are the next sensor values associated with next time step?,82.73503,386.1535
[[-867.  365.  100.]],14,-257,370,Normal,46.014015,384.12314,Normal,What are the anomalies that happen in next time step?,Normal,What are the next sensor values associated with next time step?,46.014015,384.12314
[[-1204.   351.   100.]],8,647,354,Normal,46.014015,384.12314,Normal,What are the anomalies that happen in next time step?,Normal,What are the next sensor values associated with next time step?,46.014015,384.12314
[[-687.  375.  100.]],12,676,393,Normal,46.014015,384.12314,Normal,What are the anomalies that happen in next time step?,Normal,What are the next sensor values associated with next time step?,46.014015,384.12314
[[596. 431. 100.]],6,636,449,Normal,449.81534,406.45007,Normal,What are the anomalies that happen in next time step?,Normal,What are the next sensor values associated with next time step?,449.81534,406.45007
[[896. 416. 700.]],8,-984,441,"NoNose,NoBody2,NoBody1",439.86615,387.79642,"NoNose,NoBody2,NoBody1",What are the anomalies that happen in next time step?,"NoNose,NoBody2,NoBody1",What are the next sensor values associated with next time step?,439.86615,387.79642
[[522. 454. 200.]],8,539,474,NoNose,490.20877,408.6835,NoNose,What are the anomalies that happen in next time step?,NoNose,What are the next sensor values associated with next time step?,490.20877,408.6835
[[1261.  414.  600.]],6,-1031,350,"NoBody2,NoBody1",29.917265,367.3266,"NoBody2,NoBody1",What are the anomalies that happen in next time step?,"NoBody2,NoBody1",What are the next sensor values associated with next time step?,29.917265,367.3266
[[667. 378. 700.]],9,636,394,"NoNose,NoBody2,NoBody1",514.9787,391.51956,"NoNose,NoBody2,NoBody1",What are the anomalies that happen in next time step?,"NoNose,NoBody2,NoBody1",What are the next sensor values associated with next time step?,514.9787,391.51956
[[573. 355. 500.]],8,592,454,"NoNose,NoBody2",537.59247,399.51678,"NoNose,NoBody2",What are the anomalies that happen in next time step?,"NoNose,NoBody2",What are the next sensor values associated with next time step?,537.59247,399.51678
[[1014.  358.  100.]],8,514,377,Normal,46.014015,384.12314,Normal,What are the anomalies that happen in next time step?,Normal,What are the next sensor values associated with next time step?,46.014015,384.12314
[[372. 378. 100.]],16,-1195,378,Normal,256.5935,395.76648,Normal,What are the anomalies that happen in next time step?,Normal,What are the next sensor values associated with next time step?,256.5935,395.76648
[[627. 480. 100.]],4,593,504,Normal,257.42093,287.60876,NoNose,What are the anomalies that happen in next time step?,NoNose,What are the next sensor values associated with next time step?,257.42093,287.60876
[[624. 496. 200.]],15,601,482,NoNose,603.67377,414.9572,NoNose,What are the anomalies that happen in next time step?,NoNose,What are the next sensor values associated with next time step?,603.67377,414.9572
[[523. 484. 100.]],4,516,494,Normal,263.34515,289.61957,NoNose,What are the anomalies that happen in next time step?,NoNose,What are the next sensor values associated with next time step?,263.34515,289.61957
[[646. 183. 100.]],9,667,257,Normal,46.014015,384.12314,Normal,What are the anomalies that happen in next time step?,Normal,What are the next sensor values associated with next time step?,46.014015,384.12314
[[-1332.   452.   600.]],6,385,438,"NoBody2,NoBody1",30.10167,367.519,"NoBody2,NoBody1",What are the anomalies that happen in next time step?,"NoBody2,NoBody1",What are the next sensor values associated with next time step?,30.10167,367.519
[[656. 442. 500.]],20,677,421,"NoNose,NoBody2",658.3777,406.99362,"NoNose,NoBody2",What are the anomalies that happen in next time step?,"NoNose,NoBody2",What are the next sensor values associated with next time step?,658.3777,406.99362
[[-333.  428.  100.]],12,543,397,Normal,46.014015,384.12314,Normal,What are the anomalies that happen in next time step?,Normal,What are the next sensor values associated with next time step?,46.014015,384.12314
[[-90. 365. 100.]],8,-428,383,Normal,46.014015,384.12314,Normal,What are the anomalies that happen in next time step?,Normal,What are the next sensor values associated with next time step?,46.014015,384.12314
[[-344.  403.  700.]],8,-1144,413,"NoNose,NoBody2,NoBody1",25.67587,362.9008,"NoNose,NoBody2,NoBody1",What are the anomalies that happen in next time step?,"NoNose,NoBody2,NoBody1",What are the next sensor values associated with next time step?,25.67587,362.9008
[[-482.  348.  100.]],8,532,348,Normal,46.014015,384.12314,Normal,What are the anomalies that happen in next time step?,Normal,What are the next sensor values associated with next time step?,46.014015,384.12314
[[-521.  432.  700.]],9,658,221,"NoNose,NoBody2,NoBody1",27.0763,364.36212,"NoNose,NoBody2,NoBody1",What are the anomalies that happen in next time step?,"NoNose,NoBody2,NoBody1",What are the next sensor values associated with next time step?,27.0763,364.36212
[[338. 301. 100.]],9,-252,392,Normal,203.46686,269.29596,NoNose,What are the anomalies that happen in next time step?,NoNose,What are the next sensor values associated with next time step?,203.46686,269.29596
[[-985.  341.  100.]],8,564,324,Normal,46.014015,384.12314,Normal,What are the anomalies that happen in next time step?,Normal,What are the next sensor values associated with next time step?,46.014015,384.12314
[[-23. 343. 100.]],9,-1194,344,Normal,46.014015,384.12314,Normal,What are the anomalies that happen in next time step?,Normal,What are the next sensor values associated with next time step?,46.014015,384.12314
[[-1160.   401.   700.]],13,-113,283,"NoNose,NoBody2,NoBody1",26.261822,363.51224,"NoNose,NoBody2,NoBody1",What are the anomalies that happen in next time step?,"NoNose,NoBody2,NoBody1",What are the next sensor values associated with next time step?,26.261822,363.51224
[[628. 430. 200.]],8,626,426,NoNose,633.97906,416.63284,NoNose,What are the anomalies that happen in next time step?,NoNose,What are the next sensor values associated with next time step?,633.97906,416.63284
[[-947.  389.  100.]],9,562,382,Normal,46.014015,384.12314,Normal,What are the anomalies that happen in next time step?,Normal,What are the next sensor values associated with next time step?,46.014015,384.12314
[[692. 381. 700.]],9,899,434,"NoNose,NoBody2,NoBody1",516.5291,391.77133,"NoNose,NoBody2,NoBody1",What are the anomalies that happen in next time step?,"NoNose,NoBody2,NoBody1",What are the next sensor values associated with next time step?,516.5291,391.77133
[[605. 437. 200.]],8,622,431,NoNose,626.6336,416.22668,NoNose,What are the anomalies that happen in next time step?,NoNose,What are the next sensor values associated with next time step?,626.6336,416.22668
[[876. 326. 100.]],6,-339,373,Normal,46.014015,384.12314,Normal,What are the anomalies that happen in next time step?,Normal,What are the next sensor values associated with next time step?,46.014015,384.12314
[[-324.  375.  100.]],9,-651,357,Normal,46.014015,384.12314,Normal,What are the anomalies that happen in next time step?,Normal,What are the next sensor values associated with next time step?,46.014015,384.12314
[[-1149.   407.   100.]],9,-243,421,Normal,46.014015,384.12314,Normal,What are the anomalies that happen in next time step?,Normal,What are the next sensor values associated with next time step?,46.014015,384.12314
[[1042.  433.  700.]],8,394,406,"NoNose,NoBody2,NoBody1",301.3186,379.3464,"NoNose,NoBody2,NoBody1",What are the anomalies that happen in next time step?,"NoNose,NoBody2,NoBody1",What are the next sensor values associated with next time step?,301.3186,379.3464
[[647. 319. 700.]],8,649,401,"NoNose,NoBody2,NoBody1",441.82343,386.7696,"NoNose,NoBody2,NoBody1",What are the anomalies that happen in next time step?,"NoNose,NoBody2,NoBody1",What are the next sensor values associated with next time step?,441.82343,386.7696
[[-329.  368.  100.]],6,1074,351,Normal,46.014015,384.12314,Normal,What are the anomalies that happen in next time step?,Normal,What are the next sensor values associated with next time step?,46.014015,384.12314
[[-668.  391.  700.]],12,501,369,"NoNose,NoBody2,NoBody1",26.704762,363.97443,"NoNose,NoBody2,NoBody1",What are the anomalies that happen in next time step?,"NoNose,NoBody2,NoBody1",What are the next sensor values associated with next time step?,26.704762,363.97443
[[-209.  387.  100.]],4,286,360,Normal,42.883427,214.7915,Normal,What are the anomalies that happen in next time step?,Normal,What are the next sensor values associated with next time step?,42.883427,214.7915
[[-740.  355.  100.]],8,-957,340,Normal,46.014015,384.12314,Normal,What are the anomalies that happen in next time step?,Normal,What are the next sensor values associated with next time step?,46.014015,384.12314
[[593. 463. 200.]],9,625,407,NoNose,598.9696,414.6971,NoNose,What are the anomalies that happen in next time step?,NoNose,What are the next sensor values associated with next time step?,598.9696,414.6971
[[610. 398. 700.]],8,717,390,"NoNose,NoBody2,NoBody1",486.7328,389.65927,"NoNose,NoBody2,NoBody1",What are the anomalies that happen in next time step?,"NoNose,NoBody2,NoBody1",What are the next sensor values associated with next time step?,486.7328,389.65927
[[-804.  336.  100.]],9,-974,341,Normal,46.014015,384.12314,Normal,What are the anomalies that happen in next time step?,Normal,What are the next sensor values associated with next time step?,46.014015,384.12314
[[618. 457. 200.]],17,606,453,NoNose,630.1898,416.42334,NoNose,What are the anomalies that happen in next time step?,NoNose,What are the next sensor values associated with next time step?,630.1898,416.42334
[[877. 207. 700.]],9,1029,350,"NoNose,NoBody2,NoBody1",24.826845,362.01486,"NoNose,NoBody2,NoBody1",What are the anomalies that happen in next time step?,"NoNose,NoBody2,NoBody1",What are the next sensor values associated with next time step?,24.826845,362.01486
[[614. 435. 100.]],5,624,460,Normal,455.65192,406.7728,Normal,What are the anomalies that happen in next time step?,Normal,What are the next sensor values associated with next time step?,455.65192,406.7728
[[647. 467. 200.]],20,625,454,NoNose,649.5672,417.49475,NoNose,What are the anomalies that happen in next time step?,NoNose,What are the next sensor values associated with next time step?,649.5672,417.49475
[[659. 440. 200.]],15,622,455,NoNose,639.50586,416.93845,NoNose,What are the anomalies that happen in next time step?,NoNose,What are the next sensor values associated with next time step?,639.50586,416.93845
[[-40. 419. 100.]],13,631,371,Normal,46.014015,384.12314,Normal,What are the anomalies that happen in next time step?,Normal,What are the next sensor values associated with next time step?,46.014015,384.12314
[[585. 458. 100.]],5,630,413,Normal,444.43573,406.15265,Normal,What are the anomalies that happen in next time step?,Normal,What are the next sensor values associated with next time step?,444.43573,406.15265
[[-694.  189.  100.]],8,-410,407,Normal,46.014015,384.12314,Normal,What are the anomalies that happen in next time step?,Normal,What are the next sensor values associated with next time step?,46.014015,384.12314
[[-955.  435.  100.]],13,178,378,Normal,46.014015,384.12314,Normal,What are the anomalies that happen in next time step?,Normal,What are the next sensor values associated with next time step?,46.014015,384.12314
[[-857.  359.  100.]],2,-270,338,Normal,46.014015,384.12314,Normal,What are the anomalies that happen in next time step?,Normal,What are the next sensor values associated with next time step?,46.014015,384.12314
[[582. 424. 700.]],8,550,345,"NoNose,NoBody2,NoBody1",431.30774,386.13077,"NoNose,NoBody2,NoBody1",What are the anomalies that happen in next time step?,"NoNose,NoBody2,NoBody1",What are the next sensor values associated with next time step?,431.30774,386.13077
[[-1256.   469.   700.]],9,-454,394,"NoNose,NoBody2,NoBody1",26.861988,364.1385,"NoNose,NoBody2,NoBody1",What are the anomalies that happen in next time step?,"NoNose,NoBody2,NoBody1",What are the next sensor values associated with next time step?,26.861988,364.1385
[[-588.  293.  100.]],9,441,363,Normal,46.014015,384.12314,Normal,What are the anomalies that happen in next time step?,Normal,What are the next sensor values associated with next time step?,46.014015,384.12314
[[777. 399. 100.]],10,117,379,Normal,190.39801,392.1064,Normal,What are the anomalies that happen in next time step?,Normal,What are the next sensor values associated with next time step?,190.39801,392.1064
[[-37. 404. 100.]],8,1137,393,Normal,46.014015,384.12314,Normal,What are the anomalies that happen in next time step?,Normal,What are the next sensor values associated with next time step?,46.014015,384.12314
[[-991.  411.  100.]],14,-1017,423,Normal,46.014015,384.12314,Normal,What are the anomalies that happen in next time step?,Normal,What are the next sensor values associated with next time step?,46.014015,384.12314
[[369. 346. 700.]],9,925,360,"NoNose,NoBody2,NoBody1",71.13824,224.3816,Normal,What are the anomalies that happen in next time step?,Normal,What are the next sensor values associated with next time step?,71.13824,224.3816
[[-689.  373.  100.]],9,-675,407,Normal,46.014015,384.12314,Normal,What are the anomalies that happen in next time step?,Normal,What are the next sensor values associated with next time step?,46.014015,384.12314
[[643. 469. 200.]],9,577,435,NoNose,646.3306,417.3158,NoNose,What are the anomalies that happen in next time step?,NoNose,What are the next sensor values associated with next time step?,646.3306,417.3158
[[-541.  387.  100.]],14,-847,401,Normal,46.014015,384.12314,Normal,What are the anomalies that happen in next time step?,Normal,What are the next sensor values associated with next time step?,46.014015,384.12314
[[1118.  380.  700.]],8,-603,341,"NoNose,NoBody2,NoBody1",25.639414,362.86276,"NoNose,NoBody2,NoBody1",What are the anomalies that happen in next time step?,"NoNose,NoBody2,NoBody1",What are the next sensor values associated with next time step?,25.639414,362.86276
[[625. 463. 500.]],20,568,430,"NoNose,NoBody2",620.9936,404.95328,"NoNose,NoBody2",What are the anomalies that happen in next time step?,"NoNose,NoBody2",What are the next sensor values associated with next time step?,620.9936,404.95328
[[1071.  407.  100.]],1,769,299,Normal,46.014015,384.12314,Normal,What are the anomalies that happen in next time step?,Normal,What are the next sensor values associated with next time step?,46.014015,384.12314
[[748. 315. 100.]],9,825,353,Normal,46.014015,384.12314,Normal,What are the anomalies that happen in next time step?,Normal,What are the next sensor values associated with next time step?,46.014015,384.12314
[[641. 388. 200.]],18,615,467,NoNose,565.59186,412.8516,NoNose,What are the anomalies that happen in next time step?,NoNose,What are the next sensor values associated with next time step?,565.59186,412.8516
[[594. 355. 500.]],8,539,390,"NoNose,NoBody2",535.5857,399.33347,"NoNose,NoBody2",What are the anomalies that happen in next time step?,"NoNose,NoBody2",What are the next sensor values associated with next time step?,535.5857,399.33347
[[1118.  369.  100.]],7,1015,383,Normal,46.014015,384.12314,Normal,What are the anomalies that happen in next time step?,Normal,What are the next sensor values associated with next time step?,46.014015,384.12314
[[603. 478. 500.]],8,601,430,"NoNose,NoBody2",594.41656,403.46048,"NoNose,NoBody2",What are the anomalies that happen in next time step?,"NoNose,NoBody2",What are the next sensor values associated with next time step?,594.41656,403.46048
[[-547.  234.  100.]],8,269,283,Normal,46.014015,384.12314,Normal,What are the anomalies that happen in next time step?,Normal,What are the next sensor values associated with next time step?,46.014015,384.12314
[[-739.  322.  100.]],9,594,347,Normal,42.883427,214.7915,Normal,What are the anomalies that happen in next time step?,Normal,What are the next sensor values associated with next time step?,42.883427,214.7915
[[-403.  428.  700.]],16,491,404,"NoNose,NoBody2,NoBody1",26.660894,363.92865,"NoNose,NoBody2,NoBody1",What are the anomalies that happen in next time step?,"NoNose,NoBody2,NoBody1",What are the next sensor values associated with next time step?,26.660894,363.92865
[[-465.  370.  100.]],12,-98,372,Normal,46.014015,384.12314,Normal,What are the anomalies that happen in next time step?,Normal,What are the next sensor values associated with next time step?,46.014015,384.12314
[[632. 406. 100.]],17,-1238,362,Normal,412.05875,404.36246,Normal,What are the anomalies that happen in next time step?,Normal,What are the next sensor values associated with next time step?,412.05875,404.36246
[[672. 429. 700.]],9,635,412,"NoNose,NoBody2,NoBody1",562.80646,394.58688,"NoNose,NoBody2,NoBody1",What are the anomalies that happen in next time step?,"NoNose,NoBody2,NoBody1",What are the next sensor values associated with next time step?,562.80646,394.58688
[[865. 341. 100.]],8,361,337,Normal,46.014015,384.12314,Normal,What are the anomalies that happen in next time step?,Normal,What are the next sensor values associated with next time step?,46.014015,384.12314
[[-56. 383. 100.]],13,135,359,Normal,46.014015,384.12314,Normal,What are the anomalies that happen in next time step?,Normal,What are the next sensor values associated with next time step?,46.014015,384.12314
[[732. 412. 700.]],15,-649,360,"NoNose,NoBody2,NoBody1",558.6208,394.58875,"NoNose,NoBody2,NoBody1",What are the anomalies that happen in next time step?,"NoNose,NoBody2,NoBody1",What are the next sensor values associated with next time step?,558.6208,394.58875
[[-1293.   414.   100.]],20,-381,426,Normal,46.014015,384.12314,Normal,What are the anomalies that happen in next time step?,Normal,What are the next sensor values associated with next time step?,46.014015,384.12314
[[-1100.   358.   100.]],9,307,336,Normal,46.014015,384.12314,Normal,What are the anomalies that happen in next time step?,Normal,What are the next sensor values associated with next time step?,46.014015,384.12314
[[895. 144. 100.]],9,-804,281,Normal,46.014015,384.12314,Normal,What are the anomalies that happen in next time step?,Normal,What are the next sensor values associated with next time step?,46.014015,384.12314
[[303. 377. 600.]],6,-886,424,"NoBody2,NoBody1",28.358522,365.70007,"NoBody2,NoBody1",What are the anomalies that happen in next time step?,"NoBody2,NoBody1",What are the next sensor values associated with next time step?,28.358522,365.70007
[[659. 336. 300.]],5,646,430,NoBody1,433.93085,400.17957,NoBody1,What are the anomalies that happen in next time step?,NoBody1,What are the next sensor values associated with next time step?,433.93085,400.17957
[[884. 371. 100.]],5,-1187,417,Normal,46.014015,384.12314,Normal,What are the anomalies that happen in next time step?,Normal,What are the next sensor values associated with next time step?,46.014015,384.12314
[[585. 456. 500.]],18,618,480,"NoNose,NoBody2",578.3576,402.34326,"NoNose,NoBody2",What are the anomalies that happen in next time step?,"NoNose,NoBody2",What are the next sensor values associated with next time step?,578.3576,402.34326
[[579. 436. 100.]],4,612,448,Normal,246.09334,283.76404,NoNose,What are the anomalies that happen in next time step?,NoNose,What are the next sensor values associated with next time step?,246.09334,283.76404
[[956. 416. 700.]],17,114,398,"NoNose,NoBody2,NoBody1",354.364,382.43475,"NoNose,NoBody2,NoBody1",What are the anomalies that happen in next time step?,"NoNose,NoBody2,NoBody1",What are the next sensor values associated with next time step?,354.364,382.43475
[[645. 406. 400.]],7,626,391,NoBody2,604.78424,407.68427,NoBody2,What are the anomalies that happen in next time step?,NoBody2,What are the next sensor values associated with next time step?,604.78424,407.68427
[[1240.  349.  100.]],8,-59,365,Normal,46.014015,384.12314,Normal,What are the anomalies that happen in next time step?,Normal,What are the next sensor values associated with next time step?,46.014015,384.12314
[[-730.  198.  100.]],9,700,383,Normal,46.014015,384.12314,Normal,What are the anomalies that happen in next time step?,Normal,What are the next sensor values associated with next time step?,46.014015,384.12314
[[394. 417. 700.]],20,-766,446,"NoNose,NoBody2,NoBody1",24.944359,362.13748,"NoNose,NoBody2,NoBody1",What are the anomalies that happen in next time step?,"NoNose,NoBody2,NoBody1",What are the next sensor values associated with next time step?,24.944359,362.13748
[[-214.  342.  100.]],8,-335,395,Normal,46.014015,384.12314,Normal,What are the anomalies that happen in next time step?,Normal,What are the next sensor values associated with next time step?,46.014015,384.12314
[[658. 390. 200.]],9,614,350,NoNose,261.06033,288.84406,NoNose,What are the anomalies that happen in next time step?,NoNose,What are the next sensor values associated with next time step?,261.06033,288.84406
[[896. 382. 700.]],11,-98,178,"NoNose,NoBody2,NoBody1",312.39853,379.9404,"NoNose,NoBody2,NoBody1",What are the anomalies that happen in next time step?,"NoNose,NoBody2,NoBody1",What are the next sensor values associated with next time step?,312.39853,379.9404
[[635. 408. 500.]],9,641,430,"NoNose,NoBody2",635.4385,405.38412,"NoNose,NoBody2",What are the anomalies that happen in next time step?,"NoNose,NoBody2",What are the next sensor values associated with next time step?,635.4385,405.38412
[[-1129.   348.   100.]],11,1073,356,Normal,46.014015,384.12314,Normal,What are the anomalies that happen in next time step?,Normal,What are the next sensor values associated with next time step?,46.014015,384.12314
[[-536.  357.  100.]],3,-425,-15,Normal,46.014015,384.12314,Normal,What are the anomalies that happen in next time step?,Normal,What are the next sensor values associated with next time step?,46.014015,384.12314
[[204. 382. 100.]],9,931,369,Normal,46.014015,384.12314,Normal,What are the anomalies that happen in next time step?,Normal,What are the next sensor values associated with next time step?,46.014015,384.12314
[[338. 250. 100.]],8,-820,390,Normal,354.63248,401.18726,Normal,What are the anomalies that happen in next time step?,Normal,What are the next sensor values associated with next time step?,354.63248,401.18726
[[603. 461. 500.]],20,619,469,"NoNose,NoBody2",597.23694,403.51215,"NoNose,NoBody2",What are the anomalies that happen in next time step?,"NoNose,NoBody2",What are the next sensor values associated with next time step?,597.23694,403.51215
[[785. 397. 100.]],11,-1203,372,Normal,173.14003,391.1522,Normal,What are the anomalies that happen in next time step?,Normal,What are the next sensor values associated with next time step?,173.14003,391.1522
[[672. 401. 200.]],9,596,436,NoNose,564.8489,412.81052,NoNose,What are the anomalies that happen in next time step?,NoNose,What are the next sensor values associated with next time step?,564.8489,412.81052
[[587. 452. 500.]],9,624,419,"NoNose,NoBody2",581.21106,402.487,"NoNose,NoBody2",What are the anomalies that happen in next time step?,"NoNose,NoBody2",What are the next sensor values associated with next time step?,581.21106,402.487
[[863. 217. 100.]],1,224,435,Normal,46.014015,384.12314,Normal,What are the anomalies that happen in next time step?,Normal,What are the next sensor values associated with next time step?,46.014015,384.12314
[[123. 364. 100.]],5,282,334,Normal,46.014015,384.12314,Normal,What are the anomalies that happen in next time step?,Normal,What are the next sensor values associated with next time step?,46.014015,384.12314
[[-396.  387.  700.]],9,958,339,"NoNose,NoBody2,NoBody1",42.883427,214.7915,Normal,What are the anomalies that happen in next time step?,Normal,What are the next sensor values associated with next time step?,42.883427,214.7915
[[-373.  413.  700.]],13,669,434,"NoNose,NoBody2,NoBody1",26.254063,363.50412,"NoNose,NoBody2,NoBody1",What are the anomalies that happen in next time step?,"NoNose,NoBody2,NoBody1",What are the next sensor values associated with next time step?,26.254063,363.50412
[[177. 351. 700.]],9,159,408,"NoNose,NoBody2,NoBody1",25.650492,362.87433,"NoNose,NoBody2,NoBody1",What are the anomalies that happen in next time step?,"NoNose,NoBody2,NoBody1",What are the next sensor values associated with next time step?,25.650492,362.87433
[[-72. 370. 700.]],8,-108,418,"NoNose,NoBody2,NoBody1",25.555208,362.7749,"NoNose,NoBody2,NoBody1",What are the anomalies that happen in next time step?,"NoNose,NoBody2,NoBody1",What are the next sensor values associated with next time step?,25.555208,362.7749
[[-262.  333.  100.]],9,-473,264,Normal,46.014015,384.12314,Normal,What are the anomalies that happen in next time step?,Normal,What are the next sensor values associated with next time step?,46.014015,384.12314
[[1138.  350.  100.]],8,1244,387,Normal,46.014015,384.12314,Normal,What are the anomalies that happen in next time step?,Normal,What are the next sensor values associated with next time step?,46.014015,384.12314
[[608. 503. 200.]],12,617,502,NoNose,573.00867,413.2617,NoNose,What are the anomalies that happen in next time step?,NoNose,What are the next sensor values associated with next time step?,573.00867,413.2617
[[-607.  417.  100.]],1,-1268,293,Normal,46.014015,384.12314,Normal,What are the anomalies that happen in next time step?,Normal,What are the next sensor values associated with next time step?,46.014015,384.12314
[[505. 461. 200.]],8,625,465,NoNose,446.99008,406.29388,Normal,What are the anomalies that happen in next time step?,Normal,What are the next sensor values associated with next time step?,446.99008,406.29388
[[-296.  468.  500.]],13,587,459,"NoNose,NoBody2",33.03577,370.58066,"NoNose,NoBody2",What are the anomalies that happen in next time step?,"NoNose,NoBody2",What are the next sensor values associated with next time step?,33.03577,370.58066
[[-481.  374.  100.]],8,-1151,350,Normal,46.014015,384.12314,Normal,What are the anomalies that happen in next time step?,Normal,What are the next sensor values associated with next time step?,46.014015,384.12314
[[-363.  419.  700.]],13,-682,443,"NoNose,NoBody2,NoBody1",26.18422,363.43124,"NoNose,NoBody2,NoBody1",What are the anomalies that happen in next time step?,"NoNose,NoBody2,NoBody1",What are the next sensor values associated with next time step?,26.18422,363.43124
[[-977.  330.  100.]],9,-698,375,Normal,46.014015,384.12314,Normal,What are the anomalies that happen in next time step?,Normal,What are the next sensor values associated with next time step?,46.014015,384.12314
[[606. 445. 500.]],8,593,423,"NoNose,NoBody2",603.17584,403.75812,"NoNose,NoBody2",What are the anomalies that happen in next time step?,"NoNose,NoBody2",What are the next sensor values associated with next time step?,603.17584,403.75812
[[-202.  341.  700.]],8,625,358,"NoNose,NoBody2,NoBody1",25.707958,362.9343,"NoNose,NoBody2,NoBody1",What are the anomalies that happen in next time step?,"NoNose,NoBody2,NoBody1",What are the next sensor values associated with next time step?,25.707958,362.9343
[[625. 392. 100.]],8,104,411,Normal,396.69055,403.51273,Normal,What are the anomalies that happen in next time step?,Normal,What are the next sensor values associated with next time step?,396.69055,403.51273
[[911. 386. 100.]],17,-1332,365,Normal,46.014015,384.12314,Normal,What are the anomalies that happen in next time step?,Normal,What are the next sensor values associated with next time step?,46.014015,384.12314
[[679. 269. 500.]],9,778,452,"NoNose,NoBody2",340.8795,315.93588,NoNose,What are the anomalies that happen in next time step?,NoNose,What are the next sensor values associated with next time step?,340.8795,315.93588
[[-1153.   313.   700.]],9,333,392,"NoNose,NoBody2,NoBody1",25.980385,363.21857,"NoNose,NoBody2,NoBody1",What are the anomalies that happen in next time step?,"NoNose,NoBody2,NoBody1",What are the next sensor values associated with next time step?,25.980385,363.21857
[[661. 130. 500.]],11,661,395,"NoNose,NoBody2",30.642897,368.08377,"NoNose,NoBody2",What are the anomalies that happen in next time step?,"NoNose,NoBody2",What are the next sensor values associated with next time step?,30.642897,368.08377
[[756. 324. 100.]],9,-1264,126,Normal,46.014015,384.12314,Normal,What are the anomalies that happen in next time step?,Normal,What are the next sensor values associated with next time step?,46.014015,384.12314
[[617. 357. 100.]],8,-187,360,Normal,321.4157,399.35062,Normal,What are the anomalies that happen in next time step?,Normal,What are the next sensor values associated with next time step?,321.4157,399.35062
[[623. 372. 700.]],9,609,401,"NoNose,NoBody2,NoBody1",489.1288,389.91705,"NoNose,NoBody2,NoBody1",What are the anomalies that happen in next time step?,"NoNose,NoBody2,NoBody1",What are the next sensor values associated with next time step?,489.1288,389.91705
[[586. 496. 100.]],2,567,478,Normal,424.8604,405.07028,Normal,What are the anomalies that happen in next time step?,Normal,What are the next sensor values associated with next time step?,424.8604,405.07028
[[596. 351. 500.]],8,542,466,"NoNose,NoBody2",527.5628,398.83234,"NoNose,NoBody2",What are the anomalies that happen in next time step?,"NoNose,NoBody2",What are the next sensor values associated with next time step?,527.5628,398.83234
[[286. 727. 200.]],16,271,721,NoNose,46.014015,384.12314,Normal,What are the anomalies that happen in next time step?,Normal,What are the next sensor values associated with next time step?,46.014015,384.12314
[[120. 364. 100.]],8,-152,380,Normal,46.014015,384.12314,Normal,What are the anomalies that happen in next time step?,Normal,What are the next sensor values associated with next time step?,46.014015,384.12314
[[610. 369. 500.]],9,606,426,"NoNose,NoBody2",561.468,400.88663,"NoNose,NoBody2",What are the anomalies that happen in next time step?,"NoNose,NoBody2",What are the next sensor values associated with next time step?,561.468,400.88663
[[615. 402. 700.]],8,516,547,"NoNose,NoBody2,NoBody1",492.52902,390.0406,"NoNose,NoBody2,NoBody1",What are the anomalies that happen in next time step?,"NoNose,NoBody2,NoBody1",What are the next sensor values associated with next time step?,492.52902,390.0406
[[627. 416. 500.]],8,608,454,"NoNose,NoBody2",630.94574,405.17642,"NoNose,NoBody2",What are the anomalies that happen in next time step?,"NoNose,NoBody2",What are the next sensor values associated with next time step?,630.94574,405.17642
[[-500.  402.  100.]],18,-1320,347,Normal,46.014015,384.12314,Normal,What are the anomalies that happen in next time step?,Normal,What are the next sensor values associated with next time step?,46.014015,384.12314
[[-765.  365.  100.]],9,564,283,Normal,46.014015,384.12314,Normal,What are the anomalies that happen in next time step?,Normal,What are the next sensor values associated with next time step?,46.014015,384.12314
[[580. 428. 500.]],15,616,481,"NoNose,NoBody2",577.528,402.09946,"NoNose,NoBody2",What are the anomalies that happen in next time step?,"NoNose,NoBody2",What are the next sensor values associated with next time step?,577.528,402.09946
[[1014.  385.  100.]],18,-653,397,Normal,46.014015,384.12314,Normal,What are the anomalies that happen in next time step?,Normal,What are the next sensor values associated with next time step?,46.014015,384.12314
[[645. 375. 300.]],4,535,383,NoBody1,334.00354,313.60208,NoNose,What are the anomalies that happen in next time step?,NoNose,What are the next sensor values associated with next time step?,334.00354,313.60208
[[-1067.   392.   700.]],17,90,414,"NoNose,NoBody2,NoBody1",26.36527,363.62018,"NoNose,NoBody2,NoBody1",What are the anomalies that happen in next time step?,"NoNose,NoBody2,NoBody1",What are the next sensor values associated with next time step?,26.36527,363.62018
[[-83. 321. 700.]],12,726,377,"NoNose,NoBody2,NoBody1",25.42177,362.63565,"NoNose,NoBody2,NoBody1",What are the anomalies that happen in next time step?,"NoNose,NoBody2,NoBody1",What are the next sensor values associated with next time step?,25.42177,362.63565
[[188. 307. 500.]],13,651,418,"NoNose,NoBody2",31.432404,368.9076,"NoNose,NoBody2",What are the anomalies that happen in next time step?,"NoNose,NoBody2",What are the next sensor values associated with next time step?,31.432404,368.9076
[[279. 421. 100.]],21,-55,388,Normal,56.82795,384.72107,Normal,What are the anomalies that happen in next time step?,Normal,What are the next sensor values associated with next time step?,56.82795,384.72107
[[679. 438. 700.]],9,684,402,"NoNose,NoBody2,NoBody1",579.4371,395.6121,"NoNose,NoBody2,NoBody1",What are the anomalies that happen in next time step?,"NoNose,NoBody2,NoBody1",What are the next sensor values associated with next time step?,579.4371,395.6121
[[158. 379. 100.]],20,-115,373,Normal,46.014015,384.12314,Normal,What are the anomalies that happen in next time step?,Normal,What are the next sensor values associated with next time step?,46.014015,384.12314
[[558. 387. 100.]],12,-346,355,Normal,436.3206,405.70392,Normal,What are the anomalies that happen in next time step?,Normal,What are the next sensor values associated with next time step?,436.3206,405.70392
[[809. 396. 100.]],16,642,376,Normal,134.42441,389.0115,Normal,What are the anomalies that happen in next time step?,Normal,What are the next sensor values associated with next time step?,134.42441,389.0115
[[635. 445. 500.]],9,634,395,"NoNose,NoBody2",634.9162,405.64722,"NoNose,NoBody2",What are the anomalies that happen in next time step?,"NoNose,NoBody2",What are the next sensor values associated with next time step?,634.9162,405.64722
[[649. 375. 500.]],9,682,353,"NoNose,NoBody2",555.1498,400.7432,"NoNose,NoBody2",What are the anomalies that happen in next time step?,"NoNose,NoBody2",What are the next sensor values associated with next time step?,555.1498,400.7432
[[637. 507. 200.]],8,532,437,NoNose,608.57574,415.22824,NoNose,What are the anomalies that happen in next time step?,NoNose,What are the next sensor values associated with next time step?,608.57574,415.22824
[[-1212.   362.   100.]],17,-126,345,Normal,46.014015,384.12314,Normal,What are the anomalies that happen in next time step?,Normal,What are the next sensor values associated with next time step?,46.014015,384.12314
[[869. 371. 100.]],9,-1153,399,Normal,46.014015,384.12314,Normal,What are the anomalies that happen in next time step?,Normal,What are the next sensor values associated with next time step?,46.014015,384.12314
[[-1189.   293.   100.]],4,957,328,Normal,42.883427,214.7915,Normal,What are the anomalies that happen in next time step?,Normal,What are the next sensor values associated with next time step?,42.883427,214.7915
[[-844.  366.  100.]],17,-826,397,Normal,46.014015,384.12314,Normal,What are the anomalies that happen in next time step?,Normal,What are the next sensor values associated with next time step?,46.014015,384.12314
[[632. 268. 200.]],8,646,343,NoNose,129.62045,386.13202,NoNose,What are the anomalies that happen in next time step?,NoNose,What are the next sensor values associated with next time step?,129.62045,386.13202
[[1122.  358.  100.]],20,-455,404,Normal,46.014015,384.12314,Normal,What are the anomalies that happen in next time step?,Normal,What are the next sensor values associated with next time step?,46.014015,384.12314
[[597. 348. 100.]],9,1176,383,Normal,328.00034,399.7147,Normal,What are the anomalies that happen in next time step?,Normal,What are the next sensor values associated with next time step?,328.00034,399.7147
[[678. 231. 500.]],9,617,403,"NoNose,NoBody2",32.775703,368.81055,"NoNose,NoBody2",What are the anomalies that happen in next time step?,"NoNose,NoBody2",What are the next sensor values associated with next time step?,32.775703,368.81055
[[589. 472. 200.]],11,649,446,NoNose,583.4802,413.84067,NoNose,What are the anomalies that happen in next time step?,NoNose,What are the next sensor values associated with next time step?,583.4802,413.84067
[[611. 471. 200.]],15,600,426,NoNose,613.2186,415.48495,NoNose,What are the anomalies that happen in next time step?,NoNose,What are the next sensor values associated with next time step?,613.2186,415.48495
[[576. 300. 500.]],8,558,248,"NoNose,NoBody2",429.61914,392.8402,"NoNose,NoBody2",What are the anomalies that happen in next time step?,"NoNose,NoBody2",What are the next sensor values associated with next time step?,429.61914,392.8402
[[-1010.   374.   100.]],8,-124,389,Normal,46.014015,384.12314,Normal,What are the anomalies that happen in next time step?,Normal,What are the next sensor values associated with next time step?,46.014015,384.12314
[[698. 342. 100.]],9,707,366,Normal,157.42029,390.283,Normal,What are the anomalies that happen in next time step?,Normal,What are the next sensor values associated with next time step?,157.42029,390.283
[[-1137.   337.   100.]],9,1244,350,Normal,46.014015,384.12314,Normal,What are the anomalies that happen in next time step?,Normal,What are the next sensor values associated with next time step?,46.014015,384.12314
[[-526.  356.  100.]],8,-562,411,Normal,46.014015,384.12314,Normal,What are the anomalies that happen in next time step?,Normal,What are the next sensor values associated with next time step?,46.014015,384.12314
[[232. 690. 100.]],1,254,702,Normal,46.014015,384.12314,Normal,What are the anomalies that happen in next time step?,Normal,What are the next sensor values associated with next time step?,46.014015,384.12314
[[700. 419. 200.]],9,578,432,NoNose,577.8378,413.5287,NoNose,What are the anomalies that happen in next time step?,NoNose,What are the next sensor values associated with next time step?,577.8378,413.5287
[[177. 347. 100.]],9,69,376,Normal,46.014015,384.12314,Normal,What are the anomalies that happen in next time step?,Normal,What are the next sensor values associated with next time step?,46.014015,384.12314
[[600. 385. 100.]],20,-1125,387,Normal,405.35767,403.99194,Normal,What are the anomalies that happen in next time step?,Normal,What are the next sensor values associated with next time step?,405.35767,403.99194
[[595. 482. 100.]],4,621,450,Normal,267.7663,291.12015,NoNose,What are the anomalies that happen in next time step?,NoNose,What are the next sensor values associated with next time step?,267.7663,291.12015
[[523. 387. 100.]],19,-170,403,Normal,427.9753,405.2425,Normal,What are the anomalies that happen in next time step?,Normal,What are the next sensor values associated with next time step?,427.9753,405.2425
[[615. 391. 600.]],7,648,428,"NoNose,NoBody2,NoBody1",557.7477,397.47604,"NoBody2,NoBody1",What are the anomalies that happen in next time step?,"NoBody2,NoBody1",What are the next sensor values associated with next time step?,557.7477,397.47604
[[647. 449. 200.]],16,630,417,NoNose,651.4623,417.59952,NoNose,What are the anomalies that happen in next time step?,NoNose,What are the next sensor values associated with next time step?,651.4623,417.59952
[[550. 464. 100.]],1,535,483,Normal,411.2764,404.31918,Normal,What are the anomalies that happen in next time step?,Normal,What are the next sensor values associated with next time step?,411.2764,404.31918
[[587. 372. 700.]],8,628,411,"NoNose,NoBody2,NoBody1",460.22498,387.92548,"NoNose,NoBody2,NoBody1",What are the anomalies that happen in next time step?,"NoNose,NoBody2,NoBody1",What are the next sensor values associated with next time step?,460.22498,387.92548
[[1073.  371.  100.]],8,-501,398,Normal,46.014015,384.12314,Normal,What are the anomalies that happen in next time step?,Normal,What are the next sensor values associated with next time step?,46.014015,384.12314
[[632. 485. 200.]],8,637,455,NoNose,625.0267,416.13785,NoNose,What are the anomalies that happen in next time step?,NoNose,What are the next sensor values associated with next time step?,625.0267,416.13785
[[596. 386. 200.]],9,624,355,NoNose,577.3168,413.49988,NoNose,What are the anomalies that happen in next time step?,NoNose,What are the next sensor values associated with next time step?,577.3168,413.49988
[[1048.  413.  700.]],14,1275,417,"NoNose,NoBody2,NoBody1",218.67322,374.28635,"NoNose,NoBody2,NoBody1",What are the anomalies that happen in next time step?,"NoNose,NoBody2,NoBody1",What are the next sensor values associated with next time step?,218.67322,374.28635
[[758. 368. 200.]],9,633,422,NoNose,314.75543,398.35696,Normal,What are the anomalies that happen in next time step?,Normal,What are the next sensor values associated with next time step?,314.75543,398.35696
[[-1045.   344.   100.]],9,-937,369,Normal,46.014015,384.12314,Normal,What are the anomalies that happen in next time step?,Normal,What are the next sensor values associated with next time step?,46.014015,384.12314
[[668. 422. 200.]],21,654,355,NoNose,609.4813,415.27832,NoNose,What are the anomalies that happen in next time step?,NoNose,What are the next sensor values associated with next time step?,609.4813,415.27832
[[656. 447. 500.]],20,581,458,"NoNose,NoBody2",657.5536,406.98663,"NoNose,NoBody2",What are the anomalies that happen in next time step?,"NoNose,NoBody2",What are the next sensor values associated with next time step?,657.5536,406.98663
[[-1117.   367.   100.]],8,796,344,Normal,46.014015,384.12314,Normal,What are the anomalies that happen in next time step?,Normal,What are the next sensor values associated with next time step?,46.014015,384.12314
[[682. 462. 200.]],9,634,453,NoNose,665.66815,418.385,NoNose,What are the anomalies that happen in next time step?,NoNose,What are the next sensor values associated with next time step?,665.66815,418.385
[[-805.  408.  100.]],9,371,340,Normal,42.883427,214.7915,Normal,What are the anomalies that happen in next time step?,Normal,What are the next sensor values associated with next time step?,42.883427,214.7915
[[577. 459. 100.]],1,609,469,Normal,438.4036,405.8191,Normal,What are the anomalies that happen in next time step?,Normal,What are the next sensor values associated with next time step?,438.4036,405.8191
[[699. 444. 200.]],9,577,423,NoNose,292.6246,299.55743,NoNose,What are the anomalies that happen in next time step?,NoNose,What are the next sensor values associated with next time step?,292.6246,299.55743
[[600. 405. 500.]],8,648,369,"NoNose,NoBody2",603.2295,403.4661,"NoNose,NoBody2",What are the anomalies that happen in next time step?,"NoNose,NoBody2",What are the next sensor values associated with next time step?,603.2295,403.4661
[[-204.  394.  100.]],1,968,332,Normal,46.014015,384.12314,Normal,What are the anomalies that happen in next time step?,Normal,What are the next sensor values associated with next time step?,46.014015,384.12314
[[709. 458. 200.]],8,577,448,NoNose,651.25055,417.58783,NoNose,What are the anomalies that happen in next time step?,NoNose,What are the next sensor values associated with next time step?,651.25055,417.58783
[[633. 397. 500.]],14,608,409,"NoNose,NoBody2",614.0924,404.0715,"NoNose,NoBody2",What are the anomalies that happen in next time step?,"NoNose,NoBody2",What are the next sensor values associated with next time step?,614.0924,404.0715
[[971. 299. 700.]],9,594,208,"NoNose,NoBody2,NoBody1",25.039486,362.23676,"NoNose,NoBody2,NoBody1",What are the anomalies that happen in next time step?,"NoNose,NoBody2,NoBody1",What are the next sensor values associated with next time step?,25.039486,362.23676
[[830. 292. 100.]],10,726,344,Normal,46.014015,384.12314,Normal,What are the anomalies that happen in next time step?,Normal,What are the next sensor values associated with next time step?,46.014015,384.12314
[[667. 461. 500.]],11,674,403,"NoNose,NoBody2",666.7898,407.6522,"NoNose,NoBody2",What are the anomalies that happen in next time step?,"NoNose,NoBody2",What are the next sensor values associated with next time step?,666.7898,407.6522
[[-1279.   384.   700.]],18,-1185,403,"NoNose,NoBody2,NoBody1",26.14233,363.38754,"NoNose,NoBody2,NoBody1",What are the anomalies that happen in next time step?,"NoNose,NoBody2,NoBody1",What are the next sensor values associated with next time step?,26.14233,363.38754
[[687. 443. 200.]],9,665,423,NoNose,297.1844,301.1051,NoNose,What are the anomalies that happen in next time step?,NoNose,What are the next sensor values associated with next time step?,297.1844,301.1051
[[1227.  393.  700.]],20,1190,362,"NoNose,NoBody2,NoBody1",25.773987,363.00317,"NoNose,NoBody2,NoBody1",What are the anomalies that happen in next time step?,"NoNose,NoBody2,NoBody1",What are the next sensor values associated with next time step?,25.773987,363.00317
[[1182.  308.  100.]],8,1076,338,Normal,46.014015,384.12314,Normal,What are the anomalies that happen in next time step?,Normal,What are the next sensor values associated with next time step?,46.014015,384.12314
[[218. 384. 100.]],9,28,411,Normal,46.014015,384.12314,Normal,What are the anomalies that happen in next time step?,Normal,What are the next sensor values associated with next time step?,46.014015,384.12314
[[635. 428. 500.]],8,651,427,"NoNose,NoBody2",637.7177,405.671,"NoNose,NoBody2",What are the anomalies that happen in next time step?,"NoNose,NoBody2",What are the next sensor values associated with next time step?,637.7177,405.671
[[-494.  401.  100.]],18,-1309,387,Normal,46.014015,384.12314,Normal,What are the anomalies that happen in next time step?,Normal,What are the next sensor values associated with next time step?,46.014015,384.12314
[[331. 395. 100.]],9,-1019,389,Normal,173.44284,391.1689,Normal,What are the anomalies that happen in next time step?,Normal,What are the next sensor values associated with next time step?,173.44284,391.1689
[[-306.  420.  700.]],16,642,402,"NoNose,NoBody2,NoBody1",25.775047,363.0043,"NoNose,NoBody2,NoBody1",What are the anomalies that happen in next time step?,"NoNose,NoBody2,NoBody1",What are the next sensor values associated with next time step?,25.775047,363.0043
[[556. 393. 100.]],8,574,369,Normal,438.76352,405.83902,Normal,What are the anomalies that happen in next time step?,Normal,What are the next sensor values associated with next time step?,438.76352,405.83902
[[566. 253. 500.]],8,522,443,"NoNose,NoBody2",306.8398,385.45618,"NoNose,NoBody2",What are the anomalies that happen in next time step?,"NoNose,NoBody2",What are the next sensor values associated with next time step?,306.8398,385.45618
[[651. 436. 100.]],2,644,263,Normal,442.42365,406.04138,Normal,What are the anomalies that happen in next time step?,Normal,What are the next sensor values associated with next time step?,442.42365,406.04138
[[425. 389. 100.]],8,1098,380,Normal,324.0511,399.49634,Normal,What are the anomalies that happen in next time step?,Normal,What are the next sensor values associated with next time step?,324.0511,399.49634
[[-112.  411.  100.]],9,118,381,Normal,46.014015,384.12314,Normal,What are the anomalies that happen in next time step?,Normal,What are the next sensor values associated with next time step?,46.014015,384.12314
[[477. 392. 100.]],6,-209,418,Normal,390.31985,403.16046,Normal,What are the anomalies that happen in next time step?,Normal,What are the next sensor values associated with next time step?,390.31985,403.16046
[[471. 350. 100.]],9,-965,377,Normal,410.54437,404.27872,Normal,What are the anomalies that happen in next time step?,Normal,What are the next sensor values associated with next time step?,410.54437,404.27872
[[603. 442. 500.]],9,629,453,"NoNose,NoBody2",600.38885,403.5699,"NoNose,NoBody2",What are the anomalies that happen in next time step?,"NoNose,NoBody2",What are the next sensor values associated with next time step?,600.38885,403.5699
[[662. 357. 100.]],10,692,302,Normal,253.71951,395.60757,Normal,What are the anomalies that happen in next time step?,Normal,What are the next sensor values associated with next time step?,253.71951,395.60757
[[249. 248. 100.]],4,310,270,Normal,166.95036,256.9017,NoNose,What are the anomalies that happen in next time step?,NoNose,What are the next sensor values associated with next time step?,166.95036,256.9017
[[1143.  392.  100.]],16,-865,388,Normal,46.014015,384.12314,Normal,What are the anomalies that happen in next time step?,Normal,What are the next sensor values associated with next time step?,46.014015,384.12314
[[321. 364. 100.]],3,184,347,Normal,195.43762,392.38504,Normal,What are the anomalies that happen in next time step?,Normal,What are the next sensor values associated with next time step?,195.43762,392.38504
[[293. 700. 100.]],4,285,667,Normal,42.883427,214.7915,Normal,What are the anomalies that happen in next time step?,Normal,What are the next sensor values associated with next time step?,42.883427,214.7915
[[643. 393. 400.]],6,624,415,NoBody2,589.37946,406.54892,NoBody2,What are the anomalies that happen in next time step?,NoBody2,What are the next sensor values associated with next time step?,589.37946,406.54892
[[-440.  350.  100.]],12,-896,380,Normal,46.014015,384.12314,Normal,What are the anomalies that happen in next time step?,Normal,What are the next sensor values associated with next time step?,46.014015,384.12314
[[633. 477. 500.]],19,643,448,"NoNose,NoBody2",627.43005,405.43695,"NoNose,NoBody2",What are the anomalies that happen in next time step?,"NoNose,NoBody2",What are the next sensor values associated with next time step?,627.43005,405.43695
[[689. 435. 500.]],9,682,391,"NoNose,NoBody2",662.47864,407.4038,"NoNose,NoBody2",What are the anomalies that happen in next time step?,"NoNose,NoBody2",What are the next sensor values associated with next time step?,662.47864,407.4038
[[688. 412. 300.]],5,516,375,NoBody1,627.38904,412.78647,NoBody1,What are the anomalies that happen in next time step?,NoBody1,What are the next sensor values associated with next time step?,627.38904,412.78647
[[-422.  353.  100.]],6,-372,147,Normal,46.014015,384.12314,Normal,What are the anomalies that happen in next time step?,Normal,What are the next sensor values associated with next time step?,46.014015,384.12314
[[549. 435. 500.]],8,538,438,"NoNose,NoBody2",536.8533,399.7648,"NoNose,NoBody2",What are the anomalies that happen in next time step?,"NoNose,NoBody2",What are the next sensor values associated with next time step?,536.8533,399.7648
[[-406.  157.  100.]],20,-1256,366,Normal,45.99876,384.1072,Normal,What are the anomalies that happen in next time step?,Normal,What are the next sensor values associated with next time step?,45.99876,384.1072
[[-604.  316.  100.]],9,227,323,Normal,46.014015,384.12314,Normal,What are the anomalies that happen in next time step?,Normal,What are the next sensor values associated with next time step?,46.014015,384.12314
[[669. 443. 200.]],15,466,464,NoNose,640.9469,417.01813,NoNose,What are the anomalies that happen in next time step?,NoNose,What are the next sensor values associated with next time step?,640.9469,417.01813
[[-976.  378.  100.]],7,284,357,Normal,46.014015,384.12314,Normal,What are the anomalies that happen in next time step?,Normal,What are the next sensor values associated with next time step?,46.014015,384.12314
[[573. 436. 100.]],1,498,440,Normal,441.69092,406.00085,Normal,What are the anomalies that happen in next time step?,Normal,What are the next sensor values associated with next time step?,441.69092,406.00085
[[-175.  337.  100.]],8,-946,351,Normal,46.014015,384.12314,Normal,What are the anomalies that happen in next time step?,Normal,What are the next sensor values associated with next time step?,46.014015,384.12314
[[244. 400. 100.]],8,-324,397,Normal,46.014015,384.12314,Normal,What are the anomalies that happen in next time step?,Normal,What are the next sensor values associated with next time step?,46.014015,384.12314
[[-772.  376.  100.]],11,-104,352,Normal,46.014015,384.12314,Normal,What are the anomalies that happen in next time step?,Normal,What are the next sensor values associated with next time step?,46.014015,384.12314
[[-838.  324.  100.]],9,-215,323,Normal,46.014015,384.12314,Normal,What are the anomalies that happen in next time step?,Normal,What are the next sensor values associated with next time step?,46.014015,384.12314
[[-392.  455.  100.]],9,-799,342,Normal,46.014015,384.12314,Normal,What are the anomalies that happen in next time step?,Normal,What are the next sensor values associated with next time step?,46.014015,384.12314
[[670. 393. 500.]],9,645,424,"NoNose,NoBody2",581.996,402.50085,"NoNose,NoBody2",What are the anomalies that happen in next time step?,"NoNose,NoBody2",What are the next sensor values associated with next time step?,581.996,402.50085
[[652. 424. 100.]],16,-1228,331,Normal,423.77383,405.0102,Normal,What are the anomalies that happen in next time step?,Normal,What are the next sensor values associated with next time step?,423.77383,405.0102
[[594. 511. 200.]],16,704,445,NoNose,534.2017,411.11597,NoNose,What are the anomalies that happen in next time step?,NoNose,What are the next sensor values associated with next time step?,534.2017,411.11597
[[1342.  352.  700.]],18,207,353,"NoNose,NoBody2,NoBody1",25.573282,362.79376,"NoNose,NoBody2,NoBody1",What are the anomalies that happen in next time step?,"NoNose,NoBody2,NoBody1",What are the next sensor values associated with next time step?,25.573282,362.79376
[[-424.  394.  100.]],8,672,338,Normal,46.014015,384.12314,Normal,What are the anomalies that happen in next time step?,Normal,What are the next sensor values associated with next time step?,46.014015,384.12314
[[358. 375. 100.]],8,-1159,352,Normal,239.15543,394.8023,Normal,What are the anomalies that happen in next time step?,Normal,What are the next sensor values associated with next time step?,239.15543,394.8023
[[1018.  281.  100.]],9,1188,428,Normal,46.014015,384.12314,Normal,What are the anomalies that happen in next time step?,Normal,What are the next sensor values associated with next time step?,46.014015,384.12314
[[533. 380. 700.]],17,1129,432,"NoNose,NoBody2,NoBody1",350.78543,381.01285,"NoNose,NoBody2,NoBody1",What are the anomalies that happen in next time step?,"NoNose,NoBody2,NoBody1",What are the next sensor values associated with next time step?,350.78543,381.01285
[[314. 450. 500.]],9,565,378,"NoNose,NoBody2",32.242203,369.7526,"NoNose,NoBody2",What are the anomalies that happen in next time step?,"NoNose,NoBody2",What are the next sensor values associated with next time step?,32.242203,369.7526
[[591. 456. 100.]],2,639,457,Normal,446.4729,406.26526,Normal,What are the anomalies that happen in next time step?,Normal,What are the next sensor values associated with next time step?,446.4729,406.26526
[[666. 408. 300.]],4,692,394,NoBody1,348.91272,318.66248,NoNose,What are the anomalies that happen in next time step?,NoNose,What are the next sensor values associated with next time step?,348.91272,318.66248
[[670. 377. 700.]],8,452,406,"NoNose,NoBody2,NoBody1",513.41205,391.43607,"NoNose,NoBody2,NoBody1",What are the anomalies that happen in next time step?,"NoNose,NoBody2,NoBody1",What are the next sensor values associated with next time step?,513.41205,391.43607
[[715. 411. 100.]],1,969,413,Normal,315.00653,398.99625,Normal,What are the anomalies that happen in next time step?,Normal,What are the next sensor values associated with next time step?,315.00653,398.99625
[[184. 349. 100.]],9,-425,253,Normal,46.014015,384.12314,Normal,What are the anomalies that happen in next time step?,Normal,What are the next sensor values associated with next time step?,46.014015,384.12314
[[440. 419. 100.]],16,-926,375,Normal,312.53818,398.85977,Normal,What are the anomalies that happen in next time step?,Normal,What are the next sensor values associated with next time step?,312.53818,398.85977
[[-1029.   140.   100.]],8,-827,345,Normal,46.014015,384.12314,Normal,What are the anomalies that happen in next time step?,Normal,What are the next sensor values associated with next time step?,46.014015,384.12314
[[752. 382. 100.]],9,-798,312,Normal,183.61273,391.73123,Normal,What are the anomalies that happen in next time step?,Normal,What are the next sensor values associated with next time step?,183.61273,391.73123
[[416. 429. 700.]],8,1220,401,"NoNose,NoBody2,NoBody1",24.80008,361.98694,"NoNose,NoBody2,NoBody1",What are the anomalies that happen in next time step?,"NoNose,NoBody2,NoBody1",What are the next sensor values associated with next time step?,24.80008,361.98694
[[682. 412. 500.]],14,615,446,"NoNose,NoBody2",616.7852,404.6469,"NoNose,NoBody2",What are the anomalies that happen in next time step?,"NoNose,NoBody2",What are the next sensor values associated with next time step?,616.7852,404.6469
[[580. 448. 500.]],8,543,454,"NoNose,NoBody2",574.2102,402.03867,"NoNose,NoBody2",What are the anomalies that happen in next time step?,"NoNose,NoBody2",What are the next sensor values associated with next time step?,574.2102,402.03867
[[623. 364. 500.]],9,654,403,"NoNose,NoBody2",547.09955,400.0456,"NoNose,NoBody2",What are the anomalies that happen in next time step?,"NoNose,NoBody2",What are the next sensor values associated with next time step?,547.09955,400.0456
[[1187.  359.  100.]],10,539,367,Normal,46.014015,384.12314,Normal,What are the anomalies that happen in next time step?,Normal,What are the next sensor values associated with next time step?,46.014015,384.12314
[[119. 372. 100.]],5,-703,399,Normal,46.014015,384.12314,Normal,What are the anomalies that happen in next time step?,Normal,What are the next sensor values associated with next time step?,46.014015,384.12314
[[646. 457. 200.]],9,849,465,NoNose,651.75977,417.61597,NoNose,What are the anomalies that happen in next time step?,NoNose,What are the next sensor values associated with next time step?,651.75977,417.61597
[[-1128.   372.   100.]],13,752,391,Normal,46.014015,384.12314,Normal,What are the anomalies that happen in next time step?,Normal,What are the next sensor values associated with next time step?,46.014015,384.12314
[[556. 352. 100.]],8,-1092,291,Normal,389.61453,403.12146,Normal,What are the anomalies that happen in next time step?,Normal,What are the next sensor values associated with next time step?,389.61453,403.12146
[[-317.  387.  100.]],2,835,365,Normal,46.014015,384.12314,Normal,What are the anomalies that happen in next time step?,Normal,What are the next sensor values associated with next time step?,46.014015,384.12314
[[680. 314. 500.]],9,626,367,"NoNose,NoBody2",392.37137,333.41302,NoNose,What are the anomalies that happen in next time step?,NoNose,What are the next sensor values associated with next time step?,392.37137,333.41302
[[597. 423. 200.]],8,572,450,NoNose,617.1105,415.70013,NoNose,What are the anomalies that happen in next time step?,NoNose,What are the next sensor values associated with next time step?,617.1105,415.70013
[[-252.  327.  100.]],5,397,381,Normal,46.014015,384.12314,Normal,What are the anomalies that happen in next time step?,Normal,What are the next sensor values associated with next time step?,46.014015,384.12314
[[113. 394. 100.]],12,-704,394,Normal,46.014015,384.12314,Normal,What are the anomalies that happen in next time step?,Normal,What are the next sensor values associated with next time step?,46.014015,384.12314
[[607. 444. 200.]],9,622,374,NoNose,627.2197,416.2591,NoNose,What are the anomalies that happen in next time step?,NoNose,What are the next sensor values associated with next time step?,627.2197,416.2591
[[786. 395. 100.]],14,-281,406,Normal,166.41309,390.78024,Normal,What are the anomalies that happen in next time step?,Normal,What are the next sensor values associated with next time step?,166.41309,390.78024
[[-1252.   388.   700.]],18,1431,403,"NoNose,NoBody2,NoBody1",26.170649,363.41708,"NoNose,NoBody2,NoBody1",What are the anomalies that happen in next time step?,"NoNose,NoBody2,NoBody1",What are the next sensor values associated with next time step?,26.170649,363.41708
[[506. 227. 100.]],9,-954,300,Normal,98.68096,387.0352,Normal,What are the anomalies that happen in next time step?,Normal,What are the next sensor values associated with next time step?,98.68096,387.0352
[[337. 484. 500.]],16,624,469,"NoNose,NoBody2",32.60515,370.13132,"NoNose,NoBody2",What are the anomalies that happen in next time step?,"NoNose,NoBody2",What are the next sensor values associated with next time step?,32.60515,370.13132
[[-905.  385.  100.]],9,64,337,Normal,46.014015,384.12314,Normal,What are the anomalies that happen in next time step?,Normal,What are the next sensor values associated with next time step?,46.014015,384.12314
[[725. 333. 100.]],9,1285,328,Normal,89.03032,386.5016,Normal,What are the anomalies that happen in next time step?,Normal,What are the next sensor values associated with next time step?,89.03032,386.5016
[[-379.  333.  700.]],9,438,375,"NoNose,NoBody2,NoBody1",25.587734,362.80884,"NoNose,NoBody2,NoBody1",What are the anomalies that happen in next time step?,"NoNose,NoBody2,NoBody1",What are the next sensor values associated with next time step?,25.587734,362.80884
[[552. 441. 500.]],12,595,438,"NoNose,NoBody2",539.15753,399.94186,"NoNose,NoBody2",What are the anomalies that happen in next time step?,"NoNose,NoBody2",What are the next sensor values associated with next time step?,539.15753,399.94186
[[630. 431. 200.]],17,558,499,NoNose,634.8726,416.68225,NoNose,What are the anomalies that happen in next time step?,NoNose,What are the next sensor values associated with next time step?,634.8726,416.68225
[[637. 339. 500.]],9,672,385,"NoNose,NoBody2",479.02164,396.12158,"NoNose,NoBody2",What are the anomalies that happen in next time step?,"NoNose,NoBody2",What are the next sensor values associated with next time step?,479.02164,396.12158
[[169. 381. 100.]],6,-1155,386,Normal,46.014015,384.12314,Normal,What are the anomalies that happen in next time step?,Normal,What are the next sensor values associated with next time step?,46.014015,384.12314
[[590. 406. 700.]],17,727,403,"NoNose,NoBody2,NoBody1",460.1172,387.90094,"NoNose,NoBody2,NoBody1",What are the anomalies that happen in next time step?,"NoNose,NoBody2,NoBody1",What are the next sensor values associated with next time step?,460.1172,387.90094
[[532. 435. 200.]],19,602,437,NoNose,539.58105,411.4134,NoNose,What are the anomalies that happen in next time step?,NoNose,What are the next sensor values associated with next time step?,539.58105,411.4134
[[680. 366. 500.]],12,648,409,"NoNose,NoBody2",504.84213,397.84406,"NoNose,NoBody2",What are the anomalies that happen in next time step?,"NoNose,NoBody2",What are the next sensor values associated with next time step?,504.84213,397.84406
[[630. 450. 200.]],15,724,465,NoNose,642.78973,417.12,NoNose,What are the anomalies that happen in next time step?,NoNose,What are the next sensor values associated with next time step?,642.78973,417.12
[[528. 475. 200.]],8,592,452,NoNose,467.69308,407.43857,Normal,What are the anomalies that happen in next time step?,Normal,What are the next sensor values associated with next time step?,467.69308,407.43857
[[650. 501. 500.]],15,602,281,"NoNose,NoBody2",642.06244,406.48233,"NoNose,NoBody2",What are the anomalies that happen in next time step?,"NoNose,NoBody2",What are the next sensor values associated with next time step?,642.06244,406.48233
[[-541.  495.  100.]],8,-149,371,Normal,46.014015,384.12314,Normal,What are the anomalies that happen in next time step?,Normal,What are the next sensor values associated with next time step?,46.014015,384.12314
[[676. 394. 700.]],10,669,424,"NoNose,NoBody2,NoBody1",534.76434,392.8576,"NoNose,NoBody2,NoBody1",What are the anomalies that happen in next time step?,"NoNose,NoBody2,NoBody1",What are the next sensor values associated with next time step?,534.76434,392.8576
[[-1123.   388.   100.]],13,-314,370,Normal,46.014015,384.12314,Normal,What are the anomalies that happen in next time step?,Normal,What are the next sensor values associated with next time step?,46.014015,384.12314
[[573. 470. 500.]],20,532,480,"NoNose,NoBody2",560.8258,401.38678,"NoNose,NoBody2",What are the anomalies that happen in next time step?,"NoNose,NoBody2",What are the next sensor values associated with next time step?,560.8258,401.38678
[[626. 432. 200.]],11,674,470,NoNose,634.4638,416.65964,NoNose,What are the anomalies that happen in next time step?,NoNose,What are the next sensor values associated with next time step?,634.4638,416.65964
[[650. 446. 500.]],11,672,458,"NoNose,NoBody2",651.1566,406.60455,"NoNose,NoBody2",What are the anomalies that happen in next time step?,"NoNose,NoBody2",What are the next sensor values associated with next time step?,651.1566,406.60455
[[724. 450. 200.]],14,634,463,NoNose,622.3659,415.99072,NoNose,What are the anomalies that happen in next time step?,NoNose,What are the next sensor values associated with next time step?,622.3659,415.99072
[[306. 668. 200.]],21,291,663,NoNose,46.014015,384.12314,Normal,What are the anomalies that happen in next time step?,Normal,What are the next sensor values associated with next time step?,46.014015,384.12314
[[503. 431. 500.]],8,597,471,"NoNose,NoBody2",452.60452,394.8824,"NoNose,NoBody2",What are the anomalies that happen in next time step?,"NoNose,NoBody2",What are the next sensor values associated with next time step?,452.60452,394.8824
[[821. 312. 100.]],9,194,387,Normal,46.014015,384.12314,Normal,What are the anomalies that happen in next time step?,Normal,What are the next sensor values associated with next time step?,46.014015,384.12314
[[683. 377. 700.]],9,667,353,"NoNose,NoBody2,NoBody1",406.54398,338.2234,NoNose,What are the anomalies that happen in next time step?,NoNose,What are the next sensor values associated with next time step?,406.54398,338.2234
[[-184.  393.  100.]],14,-262,358,Normal,46.014015,384.12314,Normal,What are the anomalies that happen in next time step?,Normal,What are the next sensor values associated with next time step?,46.014015,384.12314
[[434. 388. 100.]],8,451,392,Normal,340.17456,400.38785,Normal,What are the anomalies that happen in next time step?,Normal,What are the next sensor values associated with next time step?,340.17456,400.38785
[[-873.  386.  100.]],17,1092,402,Normal,46.014015,384.12314,Normal,What are the anomalies that happen in next time step?,Normal,What are the next sensor values associated with next time step?,46.014015,384.12314
[[777. 406. 100.]],10,879,365,Normal,208.67847,393.11716,Normal,What are the anomalies that happen in next time step?,Normal,What are the next sensor values associated with next time step?,208.67847,393.11716
[[638. 404. 100.]],9,586,339,Normal,404.45615,403.94208,Normal,What are the anomalies that happen in next time step?,Normal,What are the next sensor values associated with next time step?,404.45615,403.94208
[[275. 415. 700.]],8,-1115,413,"NoNose,NoBody2,NoBody1",25.457296,362.67273,"NoNose,NoBody2,NoBody1",What are the anomalies that happen in next time step?,"NoNose,NoBody2,NoBody1",What are the next sensor values associated with next time step?,25.457296,362.67273
[[-1228.   397.   100.]],1,759,462,Normal,46.014015,384.12314,Normal,What are the anomalies that happen in next time step?,Normal,What are the next sensor values associated with next time step?,46.014015,384.12314
[[237. 363. 100.]],13,-1070,395,Normal,50.367004,384.36383,Normal,What are the anomalies that happen in next time step?,Normal,What are the next sensor values associated with next time step?,50.367004,384.36383
[[666. 402. 500.]],9,619,413,"NoNose,NoBody2",409.48276,339.2209,NoNose,What are the anomalies that happen in next time step?,NoNose,What are the next sensor values associated with next time step?,409.48276,339.2209
[[-1139.   336.   100.]],9,957,337,Normal,46.014015,384.12314,Normal,What are the anomalies that happen in next time step?,Normal,What are the next sensor values associated with next time step?,46.014015,384.12314
[[461. 339. 100.]],8,959,381,Normal,408.3975,404.16,Normal,What are the anomalies that happen in next time step?,Normal,What are the next sensor values associated with next time step?,408.3975,404.16
[[695. 443. 500.]],10,666,434,"NoNose,NoBody2",670.61127,408.00272,"NoNose,NoBody2",What are the anomalies that happen in next time step?,"NoNose,NoBody2",What are the next sensor values associated with next time step?,670.61127,408.00272
[[635. 422. 200.]],12,536,445,NoNose,619.7055,415.84363,NoNose,What are the anomalies that happen in next time step?,NoNose,What are the next sensor values associated with next time step?,619.7055,415.84363
[[-995.  357.  100.]],9,913,344,Normal,46.014015,384.12314,Normal,What are the anomalies that happen in next time step?,Normal,What are the next sensor values associated with next time step?,46.014015,384.12314
[[626. 430. 200.]],9,621,433,NoNose,633.61816,416.61288,NoNose,What are the anomalies that happen in next time step?,NoNose,What are the next sensor values associated with next time step?,633.61816,416.61288
[[577. 421. 500.]],8,600,443,"NoNose,NoBody2",575.4046,401.92337,"NoNose,NoBody2",What are the anomalies that happen in next time step?,"NoNose,NoBody2",What are the next sensor values associated with next time step?,575.4046,401.92337
[[-242.  260.  100.]],9,-138,308,Normal,46.014015,384.12314,Normal,What are the anomalies that happen in next time step?,Normal,What are the next sensor values associated with next time step?,46.014015,384.12314
[[600. 470. 100.]],6,493,281,Normal,448.7165,406.3893,Normal,What are the anomalies that happen in next time step?,Normal,What are the next sensor values associated with next time step?,448.7165,406.3893
[[709. 415. 200.]],9,618,415,NoNose,550.9567,412.0424,NoNose,What are the anomalies that happen in next time step?,NoNose,What are the next sensor values associated with next time step?,550.9567,412.0424
[[640. 427. 700.]],11,795,403,"NoNose,NoBody2,NoBody1",521.40826,391.9338,"NoNose,NoBody2,NoBody1",What are the anomalies that happen in next time step?,"NoNose,NoBody2,NoBody1",What are the next sensor values associated with next time step?,521.40826,391.9338
[[866. 437. 500.]],18,686,421,"NoNose,NoBody2",549.11316,400.84903,"NoNose,NoBody2",What are the anomalies that happen in next time step?,"NoNose,NoBody2",What are the next sensor values associated with next time step?,549.11316,400.84903
[[151. 369. 700.]],9,736,340,"NoNose,NoBody2,NoBody1",42.883427,214.7915,Normal,What are the anomalies that happen in next time step?,Normal,What are the next sensor values associated with next time step?,42.883427,214.7915
[[840. 326. 100.]],7,292,317,Normal,46.014015,384.12314,Normal,What are the anomalies that happen in next time step?,Normal,What are the next sensor values associated with next time step?,46.014015,384.12314
[[-409.  432.  200.]],9,124,437,NoNose,42.883427,214.7915,Normal,What are the anomalies that happen in next time step?,Normal,What are the next sensor values associated with next time step?,42.883427,214.7915
[[448. 408. 700.]],8,590,435,"NoNose,NoBody2,NoBody1",128.5882,367.7238,"NoNose,NoBody2,NoBody1",What are the anomalies that happen in next time step?,"NoNose,NoBody2,NoBody1",What are the next sensor values associated with next time step?,128.5882,367.7238
[[480. 362. 100.]],9,23,349,Normal,411.21832,404.31598,Normal,What are the anomalies that happen in next time step?,Normal,What are the next sensor values associated with next time step?,411.21832,404.31598
[[1161.  368.  100.]],11,87,377,Normal,46.014015,384.12314,Normal,What are the anomalies that happen in next time step?,Normal,What are the next sensor values associated with next time step?,46.014015,384.12314
[[1188.  253.  700.]],9,-1205,416,"NoNose,NoBody2,NoBody1",24.245405,361.40814,"NoNose,NoBody2,NoBody1",What are the anomalies that happen in next time step?,"NoNose,NoBody2,NoBody1",What are the next sensor values associated with next time step?,24.245405,361.40814
[[641. 429. 500.]],18,603,381,"NoNose,NoBody2",644.1148,406.05307,"NoNose,NoBody2",What are the anomalies that happen in next time step?,"NoNose,NoBody2",What are the next sensor values associated with next time step?,644.1148,406.05307
[[-1193.   354.   100.]],7,408,339,Normal,46.014015,384.12314,Normal,What are the anomalies that happen in next time step?,Normal,What are the next sensor values associated with next time step?,46.014015,384.12314
[[-1266.   339.   100.]],9,438,334,Normal,46.014015,384.12314,Normal,What are the anomalies that happen in next time step?,Normal,What are the next sensor values associated with next time step?,46.014015,384.12314
[[723. 376. 100.]],1,896,383,Normal,211.57043,393.27707,Normal,What are the anomalies that happen in next time step?,Normal,What are the next sensor values associated with next time step?,211.57043,393.27707
[[-1281.   380.   100.]],8,-888,334,Normal,46.014015,384.12314,Normal,What are the anomalies that happen in next time step?,Normal,What are the next sensor values associated with next time step?,46.014015,384.12314
[[652. 463. 200.]],11,649,437,NoNose,654.0423,417.7422,NoNose,What are the anomalies that happen in next time step?,NoNose,What are the next sensor values associated with next time step?,654.0423,417.7422
[[314. 205. 100.]],7,-1156,380,Normal,326.4075,399.62662,Normal,What are the anomalies that happen in next time step?,Normal,What are the next sensor values associated with next time step?,326.4075,399.62662
[[619. 467. 200.]],8,447,441,NoNose,624.1712,416.09055,NoNose,What are the anomalies that happen in next time step?,NoNose,What are the next sensor values associated with next time step?,624.1712,416.09055
[[-572.  345.  100.]],8,956,401,Normal,46.014015,384.12314,Normal,What are the anomalies that happen in next time step?,Normal,What are the next sensor values associated with next time step?,46.014015,384.12314
[[599. 446. 200.]],9,596,445,NoNose,617.34344,415.71304,NoNose,What are the anomalies that happen in next time step?,NoNose,What are the next sensor values associated with next time step?,617.34344,415.71304
[[957. 403. 200.]],9,-770,381,NoNose,46.014015,384.12314,Normal,What are the anomalies that happen in next time step?,Normal,What are the next sensor values associated with next time step?,46.014015,384.12314
[[-400.  411.  700.]],14,750,412,"NoNose,NoBody2,NoBody1",26.510687,363.7719,"NoNose,NoBody2,NoBody1",What are the anomalies that happen in next time step?,"NoNose,NoBody2,NoBody1",What are the next sensor values associated with next time step?,26.510687,363.7719
[[-570.  368.  100.]],16,713,362,Normal,46.014015,384.12314,Normal,What are the anomalies that happen in next time step?,Normal,What are the next sensor values associated with next time step?,46.014015,384.12314
[[822. 442. 500.]],9,651,439,"NoNose,NoBody2",442.8945,350.56134,NoBody1,What are the anomalies that happen in next time step?,NoBody1,What are the next sensor values associated with next time step?,442.8945,350.56134
[[-972.  368.  100.]],18,469,386,Normal,46.014015,384.12314,Normal,What are the anomalies that happen in next time step?,Normal,What are the next sensor values associated with next time step?,46.014015,384.12314
[[1032.  358.  100.]],9,-457,371,Normal,46.014015,384.12314,Normal,What are the anomalies that happen in next time step?,Normal,What are the next sensor values associated with next time step?,46.014015,384.12314
[[1285.  421.  200.]],12,-1107,417,NoNose,46.014015,384.12314,Normal,What are the anomalies that happen in next time step?,Normal,What are the next sensor values associated with next time step?,46.014015,384.12314
[[570. 402. 400.]],6,617,456,NoBody2,566.9582,404.89438,NoBody2,What are the anomalies that happen in next time step?,NoBody2,What are the next sensor values associated with next time step?,566.9582,404.89438
[[687. 432. 500.]],8,464,317,"NoNose,NoBody2",658.24915,407.12415,"NoNose,NoBody2",What are the anomalies that happen in next time step?,"NoNose,NoBody2",What are the next sensor values associated with next time step?,658.24915,407.12415
[[207. 368. 700.]],17,-651,305,"NoNose,NoBody2,NoBody1",25.710007,362.93643,"NoNose,NoBody2,NoBody1",What are the anomalies that happen in next time step?,"NoNose,NoBody2,NoBody1",What are the next sensor values associated with next time step?,25.710007,362.93643
[[-815.  393.  700.]],9,-639,350,"NoNose,NoBody2,NoBody1",26.652605,363.91998,"NoNose,NoBody2,NoBody1",What are the anomalies that happen in next time step?,"NoNose,NoBody2,NoBody1",What are the next sensor values associated with next time step?,26.652605,363.91998
[[669. 443. 500.]],12,382,482,"NoNose,NoBody2",665.93524,407.58374,"NoNose,NoBody2",What are the anomalies that happen in next time step?,"NoNose,NoBody2",What are the next sensor values associated with next time step?,665.93524,407.58374
[[-540.  408.  700.]],20,965,428,"NoNose,NoBody2,NoBody1",26.947273,364.22748,"NoNose,NoBody2,NoBody1",What are the anomalies that happen in next time step?,"NoNose,NoBody2,NoBody1",What are the next sensor values associated with next time step?,26.947273,364.22748
[[690. 434. 700.]],9,690,393,"NoNose,NoBody2,NoBody1",592.69244,396.44952,"NoNose,NoBody2,NoBody1",What are the anomalies that happen in next time step?,"NoNose,NoBody2,NoBody1",What are the next sensor values associated with next time step?,592.69244,396.44952
[[580. 507. 200.]],9,630,433,NoNose,312.5993,306.33716,NoNose,What are the anomalies that happen in next time step?,NoNose,What are the next sensor values associated with next time step?,312.5993,306.33716
[[650. 316. 200.]],9,608,442,NoNose,178.0018,260.65274,NoNose,What are the anomalies that happen in next time step?,NoNose,What are the next sensor values associated with next time step?,178.0018,260.65274
[[585. 390. 200.]],8,546,462,NoNose,586.77716,414.02295,NoNose,What are the anomalies that happen in next time step?,NoNose,What are the next sensor values associated with next time step?,586.77716,414.02295
[[-1260.   355.   100.]],10,-886,316,Normal,46.014015,384.12314,Normal,What are the anomalies that happen in next time step?,Normal,What are the next sensor values associated with next time step?,46.014015,384.12314
[[658. 345. 500.]],9,489,436,"NoNose,NoBody2",472.63388,395.76727,"NoNose,NoBody2",What are the anomalies that happen in next time step?,"NoNose,NoBody2",What are the next sensor values associated with next time step?,472.63388,395.76727
[[381. 375. 100.]],9,-141,279,Normal,273.1708,396.68307,Normal,What are the anomalies that happen in next time step?,Normal,What are the next sensor values associated with next time step?,273.1708,396.68307
[[627. 253. 100.]],8,1139,373,Normal,46.014015,384.12314,Normal,What are the anomalies that happen in next time step?,Normal,What are the next sensor values associated with next time step?,46.014015,384.12314
[[694. 436. 200.]],11,614,443,NoNose,619.0523,415.80753,NoNose,What are the anomalies that happen in next time step?,NoNose,What are the next sensor values associated with next time step?,619.0523,415.80753
[[-1091.   182.   100.]],8,181,391,Normal,46.014015,384.12314,Normal,What are the anomalies that happen in next time step?,Normal,What are the next sensor values associated with next time step?,46.014015,384.12314
[[981. 407. 100.]],13,-1222,399,Normal,46.014015,384.12314,Normal,What are the anomalies that happen in next time step?,Normal,What are the next sensor values associated with next time step?,46.014015,384.12314
[[651. 279. 700.]],16,-856,347,"NoNose,NoBody2,NoBody1",364.11032,382.77716,"NoNose,NoBody2,NoBody1",What are the anomalies that happen in next time step?,"NoNose,NoBody2,NoBody1",What are the next sensor values associated with next time step?,364.11032,382.77716
[[-1089.   338.   100.]],15,97,353,Normal,46.014015,384.12314,Normal,What are the anomalies that happen in next time step?,Normal,What are the next sensor values associated with next time step?,46.014015,384.12314
[[693. 435. 100.]],2,706,436,Normal,407.97275,404.13654,Normal,What are the anomalies that happen in next time step?,Normal,What are the next sensor values associated with next time step?,407.97275,404.13654
